Worker ID,Date,Time,Punch Type
EMP-101,2026-09-01,09:10,IN
EMP-101,2026-09-01,18:05,OUT
EMP-101,2026-09-02,09:15,IN
EMP-101,2026-09-02,18:10,OUT
EMP-101,2026-09-03,09:20,IN
EMP-101,2026-09-03,18:00,OUT
EMP-101,2026-09-04,09:30,IN
EMP-101,2026-09-04,18:00,OUT
EMP-101,2026-09-05,09:25,IN
EMP-101,2026-09-05,18:00,OUT
EMP-101,2026-09-07,09:40,IN
EMP-101,2026-09-07,18:00,OUT
EMP-102,2026-09-01,08:15,IN
EMP-102,2026-09-01,17:00,OUT
EMP-102,2026-09-02,08:25,IN
EMP-102,2026-09-02,17:10,OUT
EMP-102,2026-09-03,08:28,IN
EMP-102,2026-09-03,17:15,OUT
EMP-102,2026-09-04,08:30,IN
EMP-102,2026-09-04,17:16,OUT
EMP-102,2026-09-05,08:25,IN
EMP-102,2026-09-05,17:30,OUT
EMP-102,2026-09-06,08:20,IN
EMP-102,2026-09-06,18:00,OUT
EMP-104,2026-09-15,20:20,IN
EMP-104,2026-09-16,09:30,OUT
EMP-103,2026-09-02,12:45,IN
EMP-103,2026-09-02,20:30,OUT
